{
  "generated_at": "2025-10-13",
  "analysis_summary": {
    "accessories": {
      "total_images": 6,
      "analyzed_samples": 1,
      "stats": {
        "dimensions": {
          "300x300": 1
        },
        "formats": {
          "WEBP": 1
        },
        "image_types": {
          "diagrama_tecnico": 1
        },
        "avg_sharpness": 47294.88609613223,
        "avg_contrast": 103.83540420080983,
        "avg_brightness": 84.71656666666667,
        "avg_saturation": 51.51937777777778,
        "avg_size_kb": 12.296875,
        "aspect_ratios": {
          "1.0": 1
        }
      },
      "samples": [
        {
          "width": 300,
          "height": 300,
          "aspect_ratio": 1.0,
          "format": "WEBP",
          "mode": "RGB",
          "size_kb": 12.296875,
          "sharpness": 47294.88609613223,
          "contrast": 103.83540420080983,
          "brightness": 84.71656666666667,
          "saturation": 51.51937777777778,
          "image_type": "diagrama_tecnico",
          "optimized": true,
          "sku": "IMAGE"
        }
      ]
    },
    "inverters": {
      "total_images": 337,
      "analyzed_samples": 15,
      "stats": {
        "dimensions": {
          "1200x1200": 13,
          "1080x1080": 1,
          "600x600": 1
        },
        "formats": {
          "WEBP": 8,
          "JPEG": 7
        },
        "image_types": {
          "logo_simples": 15
        },
        "avg_sharpness": 366.0779267386831,
        "avg_contrast": 48.334415869490996,
        "avg_brightness": 233.11286247885226,
        "avg_saturation": 4.324302422839506,
        "avg_size_kb": 31.3748046875,
        "aspect_ratios": {
          "1.0": 15
        }
      },
      "samples": [
        {
          "width": 1200,
          "height": 1200,
          "aspect_ratio": 1.0,
          "format": "WEBP",
          "mode": "RGB",
          "size_kb": 13.537109375,
          "sharpness": 347.6725222222222,
          "contrast": 23.043500984948473,
          "brightness": 251.97920347222222,
          "saturation": 0.28560277777777776,
          "image_type": "logo_simples",
          "optimized": true,
          "sku": "112369"
        },
        {
          "width": 1200,
          "height": 1200,
          "aspect_ratio": 1.0,
          "format": "JPEG",
          "mode": "RGB",
          "size_kb": 63.26171875,
          "sharpness": 133.36791805555555,
          "contrast": 46.77227621789167,
          "brightness": 229.3219951388889,
          "saturation": 1.907251388888889,
          "image_type": "logo_simples",
          "optimized": false,
          "sku": "135720"
        },
        {
          "width": 1200,
          "height": 1200,
          "aspect_ratio": 1.0,
          "format": "JPEG",
          "mode": "RGB",
          "size_kb": 69.4326171875,
          "sharpness": 191.73545972222223,
          "contrast": 63.55962073134289,
          "brightness": 211.80698125,
          "saturation": 16.050227777777778,
          "image_type": "logo_simples",
          "optimized": false,
          "sku": "145763"
        },
        {
          "width": 1200,
          "height": 1200,
          "aspect_ratio": 1.0,
          "format": "WEBP",
          "mode": "RGB",
          "size_kb": 9.88671875,
          "sharpness": 300.5330069444444,
          "contrast": 19.841105128797697,
          "brightness": 252.92384652777778,
          "saturation": 0.18518055555555554,
          "image_type": "logo_simples",
          "optimized": true,
          "sku": "152147"
        },
        {
          "width": 1200,
          "height": 1200,
          "aspect_ratio": 1.0,
          "format": "JPEG",
          "mode": "RGB",
          "size_kb": 45.46875,
          "sharpness": 86.27428472222222,
          "contrast": 60.29065622050262,
          "brightness": 218.53791805555556,
          "saturation": 18.596497222222222,
          "image_type": "logo_simples",
          "optimized": false,
          "sku": "192575"
        }
      ]
    },
    "kits": {
      "total_images": 247,
      "analyzed_samples": 30,
      "stats": {
        "dimensions": {
          "300x500": 30
        },
        "formats": {
          "WEBP": 30
        },
        "image_types": {
          "diagrama_tecnico": 30
        },
        "avg_sharpness": 9322.286963999999,
        "avg_contrast": 92.67013140261774,
        "avg_brightness": 166.80868666666663,
        "avg_saturation": 20.389978666666664,
        "avg_size_kb": 34.323893229166664,
        "aspect_ratios": {
          "0.6": 30
        }
      },
      "samples": [
        {
          "width": 300,
          "height": 500,
          "aspect_ratio": 0.6,
          "format": "WEBP",
          "mode": "RGB",
          "size_kb": 27.87109375,
          "sharpness": 12859.547333333334,
          "contrast": 92.88146400489892,
          "brightness": 173.4458,
          "saturation": 20.450966666666666,
          "image_type": "diagrama_tecnico",
          "optimized": true,
          "sku": "FOTUS-KP02-1065KWP-CERAMICO-KITS"
        },
        {
          "width": 300,
          "height": 500,
          "aspect_ratio": 0.6,
          "format": "WEBP",
          "mode": "RGB",
          "size_kb": 27.87109375,
          "sharpness": 12859.547333333334,
          "contrast": 92.88146400489892,
          "brightness": 173.4458,
          "saturation": 20.450966666666666,
          "image_type": "diagrama_tecnico",
          "optimized": true,
          "sku": "FOTUS-KP02-1065KWP-FIBROCIMENTO-KITS"
        },
        {
          "width": 300,
          "height": 500,
          "aspect_ratio": 0.6,
          "format": "WEBP",
          "mode": "RGB",
          "size_kb": 27.87109375,
          "sharpness": 12859.547333333334,
          "contrast": 92.88146400489892,
          "brightness": 173.4458,
          "saturation": 20.450966666666666,
          "image_type": "diagrama_tecnico",
          "optimized": true,
          "sku": "FOTUS-KP02-1065KWP-MINITRILHO-KITS"
        },
        {
          "width": 300,
          "height": 500,
          "aspect_ratio": 0.6,
          "format": "WEBP",
          "mode": "RGB",
          "size_kb": 30.298828125,
          "sharpness": 11743.493933333333,
          "contrast": 93.35080844975164,
          "brightness": 165.52133333333333,
          "saturation": 21.912886666666665,
          "image_type": "diagrama_tecnico",
          "optimized": true,
          "sku": "FOTUS-KP02-1136KWP-CERAMICO-KITS"
        },
        {
          "width": 300,
          "height": 500,
          "aspect_ratio": 0.6,
          "format": "WEBP",
          "mode": "RGB",
          "size_kb": 30.298828125,
          "sharpness": 11743.493933333333,
          "contrast": 93.35080844975164,
          "brightness": 165.52133333333333,
          "saturation": 21.912886666666665,
          "image_type": "diagrama_tecnico",
          "optimized": true,
          "sku": "FOTUS-KP02-1136KWP-FIBROCIMENTO-KITS"
        }
      ]
    },
    "kits-hibridos": {
      "total_images": 25,
      "analyzed_samples": 25,
      "stats": {
        "dimensions": {
          "300x500": 25
        },
        "formats": {
          "WEBP": 25
        },
        "image_types": {
          "diagrama_tecnico": 25
        },
        "avg_sharpness": 9801.001491733337,
        "avg_contrast": 92.98318564377387,
        "avg_brightness": 164.75544693333325,
        "avg_saturation": 21.126157066666668,
        "avg_size_kb": 33.673359375,
        "aspect_ratios": {
          "0.6": 25
        }
      },
      "samples": [
        {
          "width": 300,
          "height": 500,
          "aspect_ratio": 0.6,
          "format": "WEBP",
          "mode": "RGB",
          "size_kb": 44.359375,
          "sharpness": 3649.7754266666666,
          "contrast": 91.81904675817758,
          "brightness": 162.33014,
          "saturation": 18.634846666666668,
          "image_type": "diagrama_tecnico",