{
  "distributor": "SOLFACIL",
  "timestamp": "2025-10-07T02:52:37.518012",
  "stats": {
    "total": 302,
    "processed": 164,
    "failed": 0,
    "skipped": 138,
    "by_category": {
      "ACCESSORIES": {
        "processed": 12,
        "failed": 0
      },
      "BATTERIES": {
        "processed": 6,
        "failed": 0
      },
      "CABLES": {
        "processed": 34,
        "failed": 0
      },
      "INVERTERS": {
        "processed": 220,
        "failed": 0
      },
      "PANELS": {
        "processed": 22,
        "failed": 0
      },
      "STRUCTURES": {
        "processed": 8,
        "failed": 0
      }
    },
    "improvements": [
      0.0,
      0.0,
      0.0,
      0.0,
      0.0,
      0.0,
      0,
      0,
      0,
      0,
      16.9,
      16.9,
      0.0,
      0.0,
      0.0,
      0.0,
      0.0,
      0.0,
      0.0,
      0.0,
      0,
      0,
      0.0,
      0.0,
      0.0,
      0.0,
      0.0,
      0.0,
      0.0,
      0.0,
      0.0,
      0.0,
      57.5,
      44.8,
      0,
      0,
      0,
      44.8,
      0,
      0,
      0,
      0,
      16.6,
      16.39999999999999,
      57.5,
      57.5,
      16.39999999999999,
      0,
      17.400000000000006,
      74.3,
      41.0,
      0,
      41.0,
      19.599999999999994,
      0,
      0,
      16.1,
      0,
      0,
      0,
      19.599999999999994,
      74.5,
      0,
      0,
      0,
      19.599999999999994,
      19.599999999999994,
      41.0,
      36.199999999999996,
      19.599999999999994,
      19.599999999999994,
      16.300000000000004,
      28.5,
      36.199999999999996,
      20.6,
      40.599999999999994,
      71.0,
      41.0,
      71.0,
      21.4,
      21.4,
      29.700000000000003,
      71.0,
      19.599999999999994,
      37.5,
      0,
      37.9,
      57.5,
      19.599999999999994,
      37.9,
      62.5,
      37.9,
      59.39999999999999,
      50.900000000000006,
      50.900000000000006,
      45.900000000000006,
      64.19999999999999,
      41.0,
      41.0,
      41.0,
      41.0,
      71.0,
      71.0,
      28.5,
      37.9,
      0,
      62.5,
      37.9,
      0,
      62.5,
      0,
      37.9,
      37.9,
      37.9,
      71.0,
      57.5,
      29.700000000000003,
      16.300000000000004,
      41.9,
      56.0,
      19.599999999999994,
      59.39999999999999,
      64.19999999999999,
      0,
      50.900000000000006,
      20.6,
      21.4,
      36.199999999999996,
      50.900000000000006,
      21.4,
      45.900000000000006,
      40.599999999999994,
      16.1,
      36.199999999999996,
      41.9,
      41.9,
      56.0,
      56.0,
      26.299999999999997,
      25.199999999999996,
      64.80000000000001,
      33.3,
      33.3,
      0,
      0,
      0,
      0,
      0,
      0,
      28.1,
      71.60000000000001,
      65.9,
      71.60000000000001,
      0,
      28.1,
      0,
      65.9,
      65.9,
      60.400000000000006,
      74.0,
      72.7,
      72.7,
      72.7,
      72.7
    ]
  },
  "total_time": 24.757441997528076
}